{
  "accuracy": 0.9781328847771237,
  "precision": 0.9854423292273237,
  "recall": 0.9902475618904726,
  "f1": 0.9878391019644528,
  "roc_auc": 0.953154963904108
}